{"chunk_definitions":[{"chunk_id":"cord6hyr5p2ht","chunk_label":"unnamed-chunk-1","document_id":"4E231CE8","expansion_state":0,"options":{"engine":"r","label":"unnamed-chunk-1"},"row":16,"row_count":1,"visible":true},{"chunk_id":"c2mx152xkweg8","chunk_label":"unnamed-chunk-2","document_id":"4E231CE8","expansion_state":0,"options":{"engine":"r","label":"unnamed-chunk-1"},"row":44,"row_count":1,"visible":true},{"chunk_id":"c1hrb68e24db8","chunk_label":"unnamed-chunk-3","document_id":"4E231CE8","expansion_state":0,"options":{"engine":"r","label":"unnamed-chunk-2"},"row":58,"row_count":1,"visible":true}],"doc_write_time":1568601879}