{"chunk_definitions":[{"chunk_id":"cord6hyr5p2ht","chunk_label":"unnamed-chunk-1","document_id":"4E231CE8","expansion_state":0,"options":{"engine":"r","label":"unnamed-chunk-2"},"row":16,"row_count":1,"visible":true},{"chunk_id":"czvuv4gwi50er","chunk_label":"unnamed-chunk-2","document_id":"4E231CE8","expansion_state":0,"options":{"engine":"r","label":"unnamed-chunk-5"},"row":44,"row_count":1,"visible":true},{"chunk_id":"c7odz5fil399a","chunk_label":"unnamed-chunk-3","document_id":"4E231CE8","expansion_state":0,"options":{"engine":"r","label":"unnamed-chunk-7"},"row":58,"row_count":1,"visible":true}],"doc_write_time":1568772434}