{"chunk_definitions":[{"chunk_id":"cord6hyr5p2ht","chunk_label":"unnamed-chunk-1","document_id":"4E231CE8","expansion_state":0,"options":{"engine":"r","label":"unnamed-chunk-24"},"row":15,"row_count":1,"visible":true},{"chunk_id":"cj9rec4abkxek","chunk_label":"unnamed-chunk-2","document_id":"4E231CE8","expansion_state":0,"options":{"engine":"r","label":"unnamed-chunk-2"},"row":24,"row_count":1,"visible":true},{"chunk_id":"cftg2zplgykie","chunk_label":"unnamed-chunk-3","document_id":"4E231CE8","expansion_state":0,"options":{"engine":"r","label":"unnamed-chunk-17"},"row":37,"row_count":1,"visible":true},{"chunk_id":"cmda8xb5eomyi","chunk_label":"unnamed-chunk-4","document_id":"4E231CE8","expansion_state":0,"options":{"engine":"r","label":"unnamed-chunk-40"},"row":56,"row_count":1,"visible":true},{"chunk_id":"cztf87pbfecmh","chunk_label":"unnamed-chunk-5","document_id":"4E231CE8","expansion_state":0,"options":{"engine":"r","label":"unnamed-chunk-42"},"row":71,"row_count":1,"visible":true},{"chunk_id":"chkaummvd614y","chunk_label":"unnamed-chunk-6","document_id":"4E231CE8","expansion_state":0,"options":{"engine":"r","label":"unnamed-chunk-35"},"row":87,"row_count":1,"visible":true},{"chunk_id":"c4klnxjct8hhx","chunk_label":"unnamed-chunk-7","document_id":"4E231CE8","expansion_state":0,"options":{"engine":"r","label":"unnamed-chunk-31"},"row":98,"row_count":1,"visible":true},{"chunk_id":"c6ttz6qvlggc2","chunk_label":"unnamed-chunk-8","document_id":"4E231CE8","expansion_state":0,"options":{"engine":"r","label":"unnamed-chunk-34"},"row":103,"row_count":1,"visible":true},{"chunk_id":"c1huyot637dt2","chunk_label":"unnamed-chunk-9","document_id":"4E231CE8","expansion_state":0,"options":{"engine":"r","label":"unnamed-chunk-33"},"row":112,"row_count":1,"visible":true},{"chunk_id":"cb12ew8l48hxt","chunk_label":"unnamed-chunk-10","document_id":"4E231CE8","expansion_state":0,"options":{"engine":"r","label":"unnamed-chunk-43"},"row":128,"row_count":1,"visible":true}],"chunk_rendered_width":700,"doc_write_time":1568598183}